<Article>
    <name>Article presented at XML Prague</name>
    <date>
        <begin>
            <month>March</month>
            <day>13</day>
        </begin>
        <end>
            <month>March</month>
            <day>14</day>
        </end>
    </date>
    <loc>
        <city>Prague</city>
        <country>Czech Republic</country>
    </loc>
    <copyright_year>2010</copyright_year>
    <article_title>Authoring XML all the Time, Everywhere and by Everyone</article_title>
    <authors>
        <author>
            <name>Stéphane Sire</name>
            <orgname>EPFL</orgname>
            <email>stephane.sire@epfl.ch</email>
        </author>
        <author>
            <name>Christine Vanoirbeek</name>
            <orgname>EPFL</orgname>
            <email>christine.vanoirbeek@epfl.ch</email>
        </author>
        <author>
            <name>Vincent Quint</name>
            <orgname>INRIA</orgname>
            <email>vincent.quint@inria.fr</email>
        </author>
        <author>
            <name>Cécile Roisin</name>
            <orgname>INRIA</orgname>
            <email>cecile.roisin@inria.fr</email>
        </author>
    </authors>
    <abstract>
        <Parag>
            <Fragment>This article presents a framework for editing, publishing and sharing XML content directly from within the browser. It comes in two parts: XTiger XML and AXEL. XTiger XML is a document template specification language for creating document models. AXEL is a client-side Javascript library that turns the document template into a document editing application running in the browser. This framework is targeted at non XML speaking end users, since it preserves end users from XML syntax during editing. Its current implementation proposes a pseudo-WYSIWYG user interface where the document template provides a document-oriented editing metaphor, or a more form-oriented metaphor, depending on the template.</Fragment>
        </Parag>
    </abstract>
        <sections>
            <a_section>
                <heading>Introduction</heading>
                <Parag>
                    <Fragment>Nowadays, most web-based applications take advantage of the XML format to expose information on the web – by use of XSLT transformations and/or CSS style – or, still better, to anchor automatic processes on XML data that follow a conceptual model. Despite the fact that XML originates from research in the structured document domain – XML is an application profile of SGML – , the common use of XML on the web is mostly based on data extracted from relational databases. In this sense, web users essentially contribute to populating such databases by introducing data through forms displayed on their browser. On another hand, the semantic web perspective reinforces the trend to produce more document-oriented information as it encourages to provide information that embarks significant meaning by the use of tags and attributes employed in documents. As a consequence XML authoring should address both paradigms.</Fragment>
                </Parag>
                <Parag>
                    <Fragment>The use of forms constrains users to provide consistent data-oriented information. It may be performed by using XHTML forms; in this case, a significant effort is required on the server side to check validity of entered data. It may be performed by the use of XForms whose declarative approach clearly facilitates the control of data, but unfortunately XForms is currently not supported by browsers, and thus requires the use of often complex frameworks.</Fragment>
                </Parag>
                <Parag>
                    <Fragment>Producing document-oriented information on the web is feasible but is currently addressed in so many different ways: web-based rich text editors, Wikis and blogs, XHTML editors or Content Management Systems. Web-based rich text editors allow web users to provide XHTML content in a way very close to usual desktop word processors. Wikis or blog authoring systems allow users to produce tagged information but, often necessitate the knowledge of a basic syntax which is not appropriate to end-users. Most XHTML editors offer the possibility to introduce micro-formats in the documents, leveraging the level of reusability of common components. Content management systems offer functionality to produce either XHTML or XML content on the web. More recently, web-based WYSIWYG XML editors became available.</Fragment>
                </Parag>
                <Parag>
                    <Fragment>As a result, millions of (X)HTML blog entries, wiki pages or database generated content are currently available, but they are difficult to interpret and repurpose. XML content is also available, but XML-based authoring solutions imply using complex client/server architectures. They include the use of XML parsers to validate information against a generic model (DTD, XML Schema, Relax-NG, etc.), usually on the server side.</Fragment>
                </Parag>
                <Parag>
                    <Fragment>Imagine what would be possible if non XML-savvy users could use their familiar browser as an XML authoring tool, allowing them to produce mixed data- and document-oriented information, constrained by a specific template. As an extension, with the agreement on common XML vocabularies or domain specific languages, all data entered on the web would be available for automatic processing [Nálevka09]. Moreover, the use of common XML vocabularies would allow to develop standard editing components. This modularity would allow to quickly create light XML authoring applications adapted for specific content models. </Fragment>
                </Parag>
                <Parag>
                    <Fragment>This article presents AXEL (Adaptable XML Editing Library), a client-side Javascript library for authoring template-driven XML content on the Web. It relies on the use of XTiger XML, a template definition language based on XHTML, which is designed to express structural constraints on the edited content. Additionally, the associated use of CSS provides flexibility in terms of user interface. The template language and the library bring the opportunity to provide users with traditional forms-based interfaces or document-oriented interfaces, allowing them to author XML content with a visual user experience close to WYSIWYG word processors.</Fragment>
                </Parag>
                <Parag>
                    <Fragment>The paper is organized as follows: we introduce first the concept of template proposed by XTiger XML and explain its articulation with AXEL, the client-side document template engine that transforms a template into an interactive XHTML page. Then we provide details about the XTiger XML syntax and semantics and we illustrate through concrete examples how templates constrain the document structure, to guide the presentation and to support the mapping to a target XML structure. Then we describe the editing functionality provided by AXEL and justify the customization of user interface in terms of usability. Finally, we explain some server integration aspects and we outline the main features of the library. The article finishes with a comparison of our approach with related work and some perspectives for future work.</Fragment>
                </Parag>
            </a_section>
            <a_section>
                <heading>Templates at a Glance</heading>
                <SubTitle>Document Templates</SubTitle>
                <Parag>
                    <Fragment>In many document production systems such as word processors, templates are typical documents whose organization and style indicate how documents of a certain type should be structured and presented. With this approach, a template is just a sample document that authors use as a starting point and that they develop by providing content while following the structure and style of the initial document. The tool lets authors free to change everything at any time, but the initial sample document is supposed to give them hints about what is expected in the end. In some systems, in XHTML editors for instance, templates contain also some fixed parts that an author can not modify and that will be preserved in the final document, to strongly constrain some parts of the document.</Fragment>
                </Parag>
                <Parag>
                    <Fragment>Different types of templates are also used in content management systems for generating HTML pages from a data base. In that case, the template is a HTML page with "holes" that contain queries for extracting content from the data base. Some statements are also interspersed in the HTML code to generate additional parts depending on the data found in the data base.</Fragment>
                </Parag>
                <Parag>
                    <Fragment>So, there are different sorts of document templates. The templates we are considering in this paper were initially designed [Flores06] to make it easier for authors to create and edit well structured and semantically rich XHTML documents that do not require complex schemas and transformations, while still allowing documents to provide useful, automatically processable information. The initial language we have developed for this purpose was called XTiger [Kia].</Fragment>
                </Parag>
                <Parag>
                    <Fragment>The idea behind XTiger was to use XHTML as the basic document format and to constrain the way to use it, in order to produce a specific type of document. A number of authors are comfortable with (X)HTML editors, and some of these editors produce valid, well structured XHTML code. Because XHTML is an XML language, the namespace mechanism can be used to allow XHTML documents to include elements and attributes from another XML language, XTiger, that expresses constraints on the XHTML structure. As XHTML can benefit from CSS style sheets, it is easy to specify the visual aspect of the document structure.</Fragment>
                </Parag>
                <Parag>
                    <Fragment>With this approach, a template is an XHTML document (with its style sheets) that represents the skeleton of a document, and that contains statements expressed in the XTiger language to indicate how this embryonic document can evolve and grow. We have extended the Amaya web editor [Amaya] to support the original XTiger language. The editor interprets the XTiger statements contained in the template to guide the user in building the intended document structure. The author interacts with a familiar editor on a well formatted document and eventually produces a structured XHTML document, that can then be used directly on the web with any browser. Templates are easy to create: they are basically XHTML documents containing XTiger elements where structural constraints have to be set.</Fragment>
                </Parag>
                <Parag>
                    <Fragment>This approach to templates has proven to be very useful for editing rich XHTML documents on the web [Flores06], but it is possible to go a step further and to produce any XML structure, not only XHTML, while preserving the ease of use of XTiger templates. This is done by adding to the original XTiger language a mapping mechanism for specifying what piece of XHTML structure is equivalent to what target XML structure. Another significant step is to let authors free to choose their preferred tool, by implementing the editor as a Javascript library that runs in a browser. When loaded into the browser with the library, the document template is turned into an interactive editor that follows the constraints expressed by the XTiger elements to generate only data following a predefined XML content model.</Fragment>
                </Parag>
                <Parag>
                    <Fragment>This extended version of the template language is called XTiger XML [Sire]. In the remainder of this paper, we often write XTiger when discussing features offered by both versions of the language.</Fragment>
                </Parag>
                <List>
                    <ListHeader>Thus, an XTiger XML template plays three complementary roles:</ListHeader>
                    <ListItem>
                        <Fragment>It includes constraints that define the data components the user can enter at different places in the document.</Fragment>
                    </ListItem>
                    <ListItem>
                        <Fragment>It contains presentation hints (XHTML elements, style sheets) that define how each editing component looks like while editing.</Fragment>
                    </ListItem>
                    <ListItem>
                        <Fragment>It provides information for mapping the editing components to a target XML structure.</Fragment>
                    </ListItem>
                </List>
                <Parag>
                    <Fragment>The figure below shows a typical XML editorial process built with document templates: a template author creates the templates which are turned into interactive editing applications into the browser by the AXEL library. End users can then create or change documents; when they save them, their XML content is generated and sent to server side applications for further processing or stored into databases or documents.</Fragment>
                </Parag>
                <Figure>
                  <image Source="../../data/article/images/architecture.png"/>
                  <caption>Overall architecture</caption>
                </Figure>
                <SubTitle>Anatomy of an XTiger XML Template</SubTitle>
                <Parag>
                    <Fragment>The following code example shows a very simple document template for editing a list of persons to great. As this section explains, the document template defines in the same file: some structural editing constraints, a presentational view for editing data, and an XML content model.</Fragment>
                </Parag>
                <Code>
                    <code>&lt;?xml version="1.0" encoding="UTF-8"?&gt;
    &lt;html xmlns="http://www.w3.org/1999/xhtml" 
          xmlns:xt="http://ns.inria.org/xtiger"&gt;
    &lt;head&gt;
     &lt;title&gt;My first template&lt;/title&gt;
     &lt;xt:head label="greetings"&gt;
       &lt;xt:component name="friend"&gt; 
         &lt;li&gt;&lt;xt:use types="text"&gt;name&lt;/xt:use&gt;&lt;xt:menu-marker/&gt;&lt;/li&gt;
       &lt;/xt:component&gt;
     &lt;/xt:head&gt; 
    &lt;/head&gt;
    &lt;body&gt;
     &lt;p&gt;List of persons to great:&lt;/p&gt;
     &lt;ul&gt; 
       &lt;xt:repeat minOccurs="0" maxOccurs="*" label="persons"&gt;
         &lt;xt:use types="friend" label="name"/&gt;
       &lt;/xt:repeat&gt;
     &lt;/ul&gt;
    &lt;/body&gt; 
    &lt;/html&gt;</code>
                    <caption>The "Greetings" template</caption>
                </Code>
                <Parag>
                    <Fragment>A capable document template engine, such as AXEL, transforms the previous template into an interactive XHTML page from which a user can create a list of persons. At any time, the page content can be exported into XML, as in the following example.</Fragment>
                </Parag>
                <Code>
                    <code>&lt;greetings&gt;
      &lt;persons&gt;
        &lt;name&gt;Charlie&lt;/name&gt;
        &lt;name&gt;Oscar&lt;name&gt;
      &lt;/persons&gt;
    &lt;/greetings&gt;</code>
                    <caption>Example of edited XML content</caption>
                </Code>
                <Parag>
                    <Fragment>The "Greetings" example shows that the document template is an XHTML document. This is because, as it will be run inside a browser, the presentation language is the language for displaying pages in the browser. The document also contains some elements and attributes in the </Fragment>
                    <Fragment FragmentKind="verbatim">http://ns.inria.org/xtiger</Fragment>
                    <Fragment> namespace which is prefixed with </Fragment>
                    <Fragment FragmentKind="verbatim">xt:</Fragment>
                    <Fragment> for XTiger. These elements constrain user's input and define an XML content model.</Fragment>
                </Parag>
                <Parag>
                    <Fragment>The document template is divided into two parts. The </Fragment>
                    <Fragment FragmentKind="verbatim">xt:head</Fragment>
                    <Fragment> part, which is declared in the </Fragment>
                    <Fragment FragmentKind="verbatim">head</Fragment>
                    <Fragment> section of the XHTML document, declares some reusable editing components and data types. Each component is declared as a </Fragment>
                    <Fragment FragmentKind="verbatim">xt:component</Fragment>
                    <Fragment> element with a </Fragment>
                    <Fragment FragmentKind="verbatim">name</Fragment>
                    <Fragment> attribute that will be used to refer to it. The content of a component can mix elements from the presentation language, XHTML, and from the XTiger namespace.</Fragment>
                </Parag>
                <Parag>
                    <Fragment>The second part of the template is the </Fragment>
                    <Fragment FragmentKind="verbatim">body</Fragment>
                    <Fragment> section of the XHTML document. It contains a mix of XHTML elements and XTiger elements. The XHTML elements are rendered as usual within the browser. They give the document its appearance and can be styled using CSS to generate different looks and feels. The </Fragment>
                    <Fragment FragmentKind="verbatim">xt:use</Fragment>
                    <Fragment> element is a component inclusion element which makes it possible to insert an editing component in place and specify its data type. The document template engine expands each </Fragment>
                    <Fragment FragmentKind="verbatim">xt:use</Fragment>
                    <Fragment> element by replacing it with the content of the component whose name matches the value of its </Fragment>
                    <Fragment FragmentKind="verbatim">types</Fragment>
                    <Fragment> attribute. Ultimately, some editing component names such as the </Fragment>
                    <Fragment FragmentKind="verbatim">text</Fragment>
                    <Fragment> component are reserved types which are associated with </Fragment>
                    <Fragment FragmentKind="important">primitive editor components</Fragment>
                    <Fragment>. The primitive editor components are transformed by the engine into special fields which can be edited by the end user to enter data in the document.</Fragment>
                </Parag>
                <Parag>
                    <Fragment>Some other XTiger elements and attributes, such as the </Fragment>
                    <Fragment FragmentKind="verbatim">xt:repeat</Fragment>
                    <Fragment> element and its </Fragment>
                    <Fragment FragmentKind="verbatim">minOccurs</Fragment>
                    <Fragment> and </Fragment>
                    <Fragment FragmentKind="verbatim">maxOccurs</Fragment>
                    <Fragment> attributes are editing constraints that guide the editing process. The </Fragment>
                    <Fragment FragmentKind="verbatim">xt:repeat</Fragment>
                    <Fragment> element indicates that its content can be repeated several times, with a minimum and a maximum number of times. </Fragment>
                </Parag>
                <Parag>
                    <Fragment>Finally, the XTiger attribute </Fragment>
                    <Fragment FragmentKind="verbatim">label</Fragment>
                    <Fragment> drives the XML content serialization process. In fact, the edited document is turned into XML content by traversing it from its root. Each time the template engine encounters a </Fragment>
                    <Fragment FragmentKind="verbatim">label</Fragment>
                    <Fragment> attribute, it creates a new XML content fragment with a tag name set to the value of </Fragment>
                    <Fragment FragmentKind="verbatim">label</Fragment>
                    <Fragment>. The XML content of this fragment is the result of serializing the corresponding document subtree.</Fragment>
                </Parag>
                <SubTitle>Editing With a Document Template</SubTitle>
                <Parag>
                    <Fragment>A client-side document template engine, such as AXEL, loads a document template in a browser window, and transforms it into an interactive editing application. As can be seen on figure 2, some parts of the document template are transformed into user interface controls such as a </Fragment>
                    <Fragment FragmentKind="important">minus</Fragment>
                    <Fragment> and a </Fragment>
                    <Fragment FragmentKind="important">plus</Fragment>
                    <Fragment> button. Some other parts of the document become editing fields, such as the fields to enter a person name. Finally, some parts are just part of the background and are displayed as usual, non-editable XHTML elements, such as the list header in the snapshot below.</Fragment>
                </Parag>
                <Figure>
                  <image Source="../../data/article/images/greetingswithbar.png"/>
                  <caption>The "Greetings" generated editor</caption>
                </Figure>
                <Parag>
                    <Fragment>The user interface generated by the document template engine is quite different from a </Fragment>
                    <Fragment FragmentKind="important">Rich Text Editor</Fragment>
                    <Fragment> user interface. The main reason is that there is no need for a command panel to group all the available options in one place (usually at the top of the window), because the template prevents users to insert document formating commands. Instead, an editor inserts directly into the document some user interface controls (such as the </Fragment>
                    <Fragment FragmentKind="important">minus</Fragment>
                    <Fragment> or </Fragment>
                    <Fragment FragmentKind="important">plus</Fragment>
                    <Fragment> buttons) directly within the document flow, at the position where the choice is available to the user. </Fragment>
                </Parag>
                <Parag>
                    <Fragment>The areas where users can input text are defined by primitive editor components. Each of these editors is responsible to manage the display and the editing of its content. For instance, the </Fragment>
                    <Fragment FragmentKind="verbatim">text</Fragment>
                    <Fragment> primitive editor component displays its content either as an XHTML </Fragment>
                    <Fragment FragmentKind="verbatim">span</Fragment>
                    <Fragment> element, or as an </Fragment>
                    <Fragment FragmentKind="verbatim">input</Fragment>
                    <Fragment> or </Fragment>
                    <Fragment FragmentKind="verbatim">textarea</Fragment>
                    <Fragment> that dynamically replaces the content when the user clicks on it for editing. This is illustrated with the </Fragment>
                    <Fragment FragmentKind="important">Charlie</Fragment>
                    <Fragment> and </Fragment>
                    <Fragment FragmentKind="important">Oscar</Fragment>
                    <Fragment> inputs in the figure above.</Fragment>
                </Parag>
                <Parag>
                    <Fragment>In order to preserve a document look and feel, the document template editor does not systematically emphasizes the editing component borders, for instance with dashed boxes, as it is the case in other document template editors such as Microsoft PowerPoint. Instead, each document template author can use CSS properties and </Fragment>
                    <Fragment FragmentKind="verbatim">class</Fragment>
                    <Fragment> attributes to create the desired effects.</Fragment>
                </Parag>
                <Parag>
                    <Fragment>To some extent, the editing user interface can be seen as something between a full WYSIWYG editing user interface and a more constrained form-based user interface. In any case, it never shows XML tag or attributes to the user, which makes it easily usable by everyone.</Fragment>
                </Parag>
                <Parag>
                    <Fragment>The editing user interface is self-contained in the document (no need for extra menus or panels) and the document template engine implementation is client-side. As a consequence, editable document templates can be embedded anywhere in any application (see section on server integration for details). For instance, for the purpose of writing this article, we have deployed the document template engine onto a WebDAV web server. The only addition to the document template of the article (which uses a custom XML content model from which we can easily generate a Docbook or an XHTML document), has been to program a Javascript menu bar to load and save XML data from and to the document template. The resulting editing application with its menu bar is displayed below:</Fragment>
                </Parag>
                <Figure>
                  <image Source="../../data/article/images/editing.png"/>
                  <caption>A simple editing application with it's menu bar for authoring this article</caption>
                </Figure>
            </a_section>
            <a_section>
                <heading>Templates in Action</heading>
                <Parag>
                    <Fragment>This section gives, through some real template examples, a more detailed description of the syntactic elements that constrain the editing process and that define an XML content model over an XHTML background document. It also shows the corresponding user interface.</Fragment>
                </Parag>
                <SubTitle>The examples</SubTitle>
                <Parag>
                    <Fragment>The table in figure 4 is an extract of a description of a place such as a bar or a restaurant. It shows that for each day of the week, the user has the choice between two different components. The first component, with a </Fragment>
                    <Fragment FragmentKind="important">closed</Fragment>
                    <Fragment> label, is just empty. The second component, with an </Fragment>
                    <Fragment FragmentKind="important">open</Fragment>
                    <Fragment> label, is a repeated list of time slots.</Fragment>
                </Parag>
                <Figure>
                  <image Source="../../data/article/images/timetable.png"/>
                  <caption>Editing a timetable</caption>
                </Figure>
                <Parag>
                    <Fragment>The figure 5 shows a restaurant menu. As it is displayed, the user has already entered two courses (</Fragment>
                    <Fragment FragmentKind="important">Entrées</Fragment>
                    <Fragment> and </Fragment>
                    <Fragment FragmentKind="important">Plats</Fragment>
                    <Fragment>). In the first course, she has entered three dishes (</Fragment>
                    <Fragment FragmentKind="important">Salade de crudités</Fragment>
                    <Fragment>, </Fragment>
                    <Fragment FragmentKind="important">Salade de cabécou</Fragment>
                    <Fragment> and </Fragment>
                    <Fragment FragmentKind="important">Salade de coeurs de canard</Fragment>
                    <Fragment>), and she has entered various information about the price of dishes. This example shows that repeated components can be nested to create hierarchical structures (e.g. dishes within courses). As it will be explained later, the template author can control the insertion point of the </Fragment>
                    <Fragment FragmentKind="important">plus</Fragment>
                    <Fragment> and </Fragment>
                    <Fragment FragmentKind="important">minus</Fragment>
                    <Fragment> buttons inside the document, and their size. Also, some information, such as the specialty, some comments, or the prices are optional.</Fragment>
                </Parag>
                <Figure>
                  <image Source="../../data/article/images/carte.png"/>
                  <caption>Editing a menu</caption>
                </Figure>
                <Parag>
                    <Fragment>The bibliographic entry in figure 6 is an extract of a bibliographic reference list. It shows that a bibliographic entry is made of two nested components. The first component sets the general category of the bibliographic entry, such as a </Fragment>
                    <Fragment FragmentKind="important">Paper</Fragment>
                    <Fragment>, while the second component sets a subcategory.  In the figure, the choices for the second component are between </Fragment>
                    <Fragment FragmentKind="important">Article</Fragment>
                    <Fragment>, </Fragment>
                    <Fragment FragmentKind="important">ArticleInJournal</Fragment>
                    <Fragment>, </Fragment>
                    <Fragment FragmentKind="important">ArticleInProceedings</Fragment>
                    <Fragment> or </Fragment>
                    <Fragment FragmentKind="important">InBook</Fragment>
                    <Fragment>. These are all different types of bibliographic references that can describe a </Fragment>
                    <Fragment FragmentKind="important">Paper</Fragment>
                    <Fragment> publication. The presentation and the nature of the information displayed in the user interface may be quite different for each type.</Fragment>
                </Parag>
                <Figure>
                  <image Source="../../data/article/images/publis.png"/>
                  <caption>Editing a bibliography</caption>
                </Figure>
                <Parag>
                    <Fragment>The XML content below is generated from the document shown on figure 6. This illustrates the kind of XML content that can be edited with AXEL and XTiger XML.</Fragment>
                </Parag>
                <Code>
                    <code>&lt;Publication&gt;
      &lt;PublicationId&gt;21&lt;/PublicationId&gt;
      &lt;Paper&gt;
        &lt;ArticleInProceedings&gt;
          &lt;PublishingYear&gt;2007&lt;/PublishingYear&gt;
          &lt;Title&gt;Efficient Static Analysis of XML Paths and Types&lt;/Title&gt;
          &lt;Authors&gt;
            &lt;Author&gt;
              &lt;FirstName&gt;P.&lt;/FirstName&gt;
              &lt;LastName&gt;Genev&amp;#xE8;s&lt;/LastName&gt;
            &lt;/Author&gt;
            ...
          &lt;/Authors&gt;
          &lt;Proceedings ShortName="PLDI"&gt;
            &lt;PublishingYear&gt;2007&lt;/PublishingYear&gt;
            &lt;ProceedingsTitle&gt;Proceedings of the ACM SIGPLAN...
            &lt;/ProceedingsTitle&gt;
            &lt;Location&gt;
              &lt;City&gt;San Diego&lt;/City&gt;
              &lt;State&gt;California&lt;/State&gt;
            &lt;/Location&gt;
            &lt;Dates&gt;10-13 June&lt;/Dates&gt;
          &lt;/Proceedings&gt;
        &lt;/ArticleInProceedings&gt;
      &lt;/Paper&gt;
    &lt;/Publication&gt;</code>
                    <caption>XML content of a bibliography</caption>
                </Code>
                <SubTitle>Constraining document structure</SubTitle>
                <Parag>
                    <Fragment>The examples above show the three types of structural constraints that define the directions into which the user can develop a document. These are: repetition, optionality, and choice.</Fragment>
                </Parag>
                <Parag>
                    <Fragment>Repetition is expressed as a </Fragment>
                    <Fragment FragmentKind="verbatim">xt:repeat</Fragment>
                    <Fragment> element. It allows the user to insert its children elements between </Fragment>
                    <Fragment FragmentKind="verbatim">minOccurs</Fragment>
                    <Fragment> and </Fragment>
                    <Fragment FragmentKind="verbatim">maxOccurs</Fragment>
                    <Fragment> times. The example below shows how the </Fragment>
                    <Fragment FragmentKind="important">open</Fragment>
                    <Fragment> component of the opening hours table shown in figure 4 defines a repetition of time slots which are themselves declared in a </Fragment>
                    <Fragment FragmentKind="important">slot</Fragment>
                    <Fragment> component. The generated XML content is visible on example 4. </Fragment>
                </Parag>
                <Code>
                    <code>&lt;xt:component name="slot"&gt;
      &lt;p&gt;                    &lt;!-- 7:00 opening hour hint --&gt;
        &lt;xt:use types="text" label="begin"&gt;7:00&lt;/xt:use&gt;     
        &lt;span&gt; - &lt;/span&gt;     &lt;!-- 24:00 closing hour hint --&gt;
        &lt;xt:use types="text" label="end"&gt;24:00&lt;/xt:use&gt;     
        &lt;xt:menu-marker size="16"/&gt;
      &lt;/p&gt;
    &lt;/xt:component&gt;

    &lt;xt:component name="open"&gt;
     &lt;br/&gt;
     &lt;xt:repeat minOccurs="1" maxOccurs="*" label="slots" &gt;
       &lt;xt:use types="slot" label="slot"/&gt;
     &lt;/xt:repeat&gt;				
    &lt;/xt:component&gt;</code>
                    <caption>Extract from the timetable template with repetition</caption>
                </Code>
                <Parag>
                    <Fragment>Example 4 also shows the </Fragment>
                    <Fragment FragmentKind="verbatim">xt:menu-marker</Fragment>
                    <Fragment> element that indicates where to insert the repetition buttons. It can have a </Fragment>
                    <Fragment FragmentKind="verbatim">size</Fragment>
                    <Fragment> attribute to set the size of these buttons. In absence of the </Fragment>
                    <Fragment FragmentKind="verbatim">xt:menu-marker</Fragment>
                    <Fragment> element, the buttons will be inserted after the last children of the </Fragment>
                    <Fragment FragmentKind="verbatim">xt:repeat</Fragment>
                    <Fragment> fragment. You can notice that it can be declared inside the definition of a component type which is repeated, and not only directly inside the </Fragment>
                    <Fragment FragmentKind="verbatim">xt:repeat</Fragment>
                    <Fragment> element.</Fragment>
                </Parag>
                <Parag>
                    <Fragment>Optionality is expressed as an </Fragment>
                    <Fragment FragmentKind="verbatim">option</Fragment>
                    <Fragment> attribute which can be declared on the </Fragment>
                    <Fragment FragmentKind="verbatim">xt:use</Fragment>
                    <Fragment> element inserting a component type in the document as shown on example 5. When the value of </Fragment>
                    <Fragment FragmentKind="verbatim">option</Fragment>
                    <Fragment> is </Fragment>
                    <Fragment FragmentKind="verbatim">set</Fragment>
                    <Fragment>, the component target XML content is by default generated in the document but this can be changed by the user, by unchecking the checkbox which is displayed in the editor. When the value of </Fragment>
                    <Fragment FragmentKind="verbatim">option</Fragment>
                    <Fragment> is </Fragment>
                    <Fragment FragmentKind="verbatim">unset</Fragment>
                    <Fragment>, the component target XML content is not generated automatically, but this can be changed by the user, by checking the checkbox. When the attribute </Fragment>
                    <Fragment FragmentKind="verbatim">option</Fragment>
                    <Fragment> is not defined, the XML content is always generated in the document. It is also possible to make parts of a document template optional using an </Fragment>
                    <Fragment FragmentKind="verbatim">xt:repeat</Fragment>
                    <Fragment> element with </Fragment>
                    <Fragment FragmentKind="verbatim">minOccurs</Fragment>
                    <Fragment> set to 0 and </Fragment>
                    <Fragment FragmentKind="verbatim">maxOccurs</Fragment>
                    <Fragment> set to 1.</Fragment>
                </Parag>
                <Code>
                    <code>&lt;p class="specialtyComment"&gt;
      &lt;xt:use types="text" label="comment" option="unset"&gt;commentaire&lt;/xt:use&gt;
    &lt;/p&gt;</code>
                    <caption>Extract from the menu template with optionality</caption>
                </Code>
                <Parag>
                    <Fragment>Finally choice is expressed as an </Fragment>
                    <Fragment FragmentKind="verbatim">xt:use</Fragment>
                    <Fragment> element where the </Fragment>
                    <Fragment FragmentKind="verbatim">types</Fragment>
                    <Fragment> attributes declares several component types that can be inserted. The extract below shows that for a day of the week in the timetable template, in that case </Fragment>
                    <Fragment FragmentKind="important">Wednesday</Fragment>
                    <Fragment>, the user can select between two components, </Fragment>
                    <Fragment FragmentKind="verbatim">open</Fragment>
                    <Fragment> or </Fragment>
                    <Fragment FragmentKind="verbatim">closed</Fragment>
                    <Fragment>. </Fragment>
                </Parag>
                <Code>
                    <code>&lt;xt:component name="open"&gt;
      ...see example above...			
    &lt;/xt:component&gt;

    &lt;xt:component name="closed"&gt;
      &lt;span/&gt; &lt;!-- this generates no XML content --&gt;
    &lt;/xt:component&gt;

    ...
    &lt;td&gt;&lt;xt:use label="wednesday" types="open closed"/&gt;&lt;/td&gt;
    ...</code>
                    <caption>Extract from the timetable template with choice (i.e. open vs. closed)</caption>
                </Code>
                <SubTitle>Defining the XML content model</SubTitle>
                <Parag>
                    <Fragment>The template language drives the generation of a target XML content model with only two instructions: the </Fragment>
                    <Fragment FragmentKind="verbatim">label</Fragment>
                    <Fragment> attribute and the </Fragment>
                    <Fragment FragmentKind="verbatim">xt:attribute</Fragment>
                    <Fragment> primitive component type inclusion element.</Fragment>
                </Parag>
                <Parag>
                    <Fragment>The </Fragment>
                    <Fragment FragmentKind="verbatim">label</Fragment>
                    <Fragment> attribute can be set on any </Fragment>
                    <Fragment FragmentKind="verbatim">xt:use</Fragment>
                    <Fragment> component inclusion element, on any </Fragment>
                    <Fragment FragmentKind="verbatim">xt:repeat</Fragment>
                    <Fragment> component repetition element, or on the </Fragment>
                    <Fragment FragmentKind="verbatim">xt:head</Fragment>
                    <Fragment> element. Each </Fragment>
                    <Fragment FragmentKind="verbatim">label</Fragment>
                    <Fragment> attribute generates a new XML element in the target content model during the serialization process. Similarly, when an </Fragment>
                    <Fragment FragmentKind="verbatim">xt:use</Fragment>
                    <Fragment> element includes a choice of several component types, the selected component type generates a new XML element name after the component type name. The </Fragment>
                    <Fragment FragmentKind="verbatim">label</Fragment>
                    <Fragment> attribute set on the </Fragment>
                    <Fragment FragmentKind="verbatim">xt:head</Fragment>
                    <Fragment> element defines the target content model root node.</Fragment>
                </Parag>
                <Parag>
                    <Fragment>For example, the </Fragment>
                    <Fragment FragmentKind="verbatim">&lt;xt:use label="wednesday" types="open closed"/&gt;</Fragment>
                    <Fragment> instruction in the opening hours table example generates a </Fragment>
                    <Fragment FragmentKind="verbatim">&lt;wednesday&gt;</Fragment>
                    <Fragment> element that may contain either an </Fragment>
                    <Fragment FragmentKind="verbatim">&lt;open&gt;</Fragment>
                    <Fragment> or </Fragment>
                    <Fragment FragmentKind="verbatim">&lt;closed&gt;</Fragment>
                    <Fragment> child. If the user selects the </Fragment>
                    <Fragment FragmentKind="important">open</Fragment>
                    <Fragment> component type, this component generates a </Fragment>
                    <Fragment FragmentKind="verbatim">&lt;slots&gt;</Fragment>
                    <Fragment> element (see the label of the </Fragment>
                    <Fragment FragmentKind="verbatim">xt:repeat</Fragment>
                    <Fragment> in example 4) that contains a repetition of </Fragment>
                    <Fragment FragmentKind="verbatim">&lt;slot&gt;</Fragment>
                    <Fragment> elements with their own content model. This is illustrated below:</Fragment>
                </Parag>
                <Code>
                    <code>&lt;wednesday&gt;
      &lt;open&gt;
        &lt;slots&gt;
          &lt;slot&gt;
            &lt;begin&gt;10:00&lt;/begin&gt;
            &lt;end&gt;16:00&lt;/end&gt;
          &lt;/slot&gt;
          &lt;slot&gt;
            &lt;begin&gt;18:00&lt;/begin&gt;
            &lt;end&gt;23:00&lt;/end&gt;
          &lt;/slot&gt;
        &lt;/slots&gt;
      &lt;/open&gt;
    &lt;/wednesday&gt;</code>
                    <caption>XML content extract generated from the document on figure 4</caption>
                </Code>
                <Parag>
                    <Fragment>The </Fragment>
                    <Fragment FragmentKind="verbatim">xt:attribute</Fragment>
                    <Fragment> element is a special component type inclusion element which can be used as an alternative to an </Fragment>
                    <Fragment FragmentKind="verbatim">xt:use</Fragment>
                    <Fragment> element. The difference is that the target XML content model will be treated as an XML attribute instead of an element. This attribute, named after the </Fragment>
                    <Fragment FragmentKind="important">name</Fragment>
                    <Fragment> attribute of </Fragment>
                    <Fragment FragmentKind="verbatim">xt:attribute</Fragment>
                    <Fragment>, will be attached to the current target XML element. As a consequence, the </Fragment>
                    <Fragment FragmentKind="verbatim">xt:attribute</Fragment>
                    <Fragment> element can only include primitive component types that generate text data in the content model.</Fragment>
                </Parag>
                <Parag>
                    <Fragment>As an example, the </Fragment>
                    <Fragment FragmentKind="verbatim">xt:attribute</Fragment>
                    <Fragment> element in the </Fragment>
                    <Fragment FragmentKind="important">price</Fragment>
                    <Fragment> component of the menu template visible on figure 4 and listed below generates a </Fragment>
                    <Fragment FragmentKind="verbatim">currency</Fragment>
                    <Fragment> attribute with the possible values </Fragment>
                    <Fragment FragmentKind="important">EUR</Fragment>
                    <Fragment>, </Fragment>
                    <Fragment FragmentKind="important">CHF</Fragment>
                    <Fragment> or </Fragment>
                    <Fragment FragmentKind="important">USD</Fragment>
                    <Fragment>. In that particular case the choices in the popup menu are labelled from the content of the </Fragment>
                    <Fragment FragmentKind="verbatim">i18n</Fragment>
                    <Fragment> attribute, here some currency symbols. It uses the primitive editor </Fragment>
                    <Fragment FragmentKind="verbatim">select</Fragment>
                    <Fragment> which is described in section 4.2.</Fragment>
                </Parag>
                <Code>
                    <code>&lt;xt:component name="price"&gt;    
      &lt;xt:menu-marker size="12"/&gt;
      &lt;xt:use types="text"&gt;prix&lt;/xt:use&gt; 
      &lt;xt:attribute types="select" name="currency" values="EUR CHF USD" 
                    i18n="&amp;#8364; CHF $" default="EUR"/&gt;
    &lt;/xt:component&gt;
    </code>
                    <caption>Price component type definition in the menu example</caption>
                </Code>
                <Parag>
                    <Fragment>The </Fragment>
                    <Fragment FragmentKind="important">price</Fragment>
                    <Fragment> component of example 8  can be inserted with </Fragment>
                    <Fragment FragmentKind="verbatim">&lt;xt:use types="price" label="price"/&gt;</Fragment>
                    <Fragment>,  which generates XML elements such as </Fragment>
                    <Fragment FragmentKind="verbatim">&lt;price currency="EUR"&gt;10&lt;/price&gt;</Fragment>
                    <Fragment>.</Fragment>
                </Parag>
            </a_section>
            <a_section>
                <heading>Editing User Experience</heading>
                <Parag>
                    <Fragment>AXEL employs two types of user interface controls: structure editing controls and primitive editor input fields that you can see in action in the examples of section 3.1. The next sections explain these controls. The global editing user interface also supports tab navigation to jump from one primitive editor to the next (resp. previous) one. It is also possible to shift-click on a </Fragment>
                    <Fragment FragmentKind="important">minus</Fragment>
                    <Fragment> button to cut an item instead of deleting it, and to shift-click on a </Fragment>
                    <Fragment FragmentKind="important">plus</Fragment>
                    <Fragment> button to paste it at another position in the same repeat group.</Fragment>
                </Parag>
                <SubTitle>Structure Editing Controls</SubTitle>
                <Parag>
                    <Fragment>Unselected document parts, either because they are repeated and their current count is 0, or because they are optional, are grayed out. We have implemented this behavior directly within the library with some CSS rules and some CSS generated </Fragment>
                    <Fragment FragmentKind="verbatim">class</Fragment>
                    <Fragment> attributes.</Fragment>
                </Parag>
                <Parag>
                    <Fragment>The </Fragment>
                    <Fragment FragmentKind="verbatim">xt:repeat</Fragment>
                    <Fragment> element generates a </Fragment>
                    <Fragment FragmentKind="important">minus</Fragment>
                    <Fragment> button and a </Fragment>
                    <Fragment FragmentKind="important">plus</Fragment>
                    <Fragment> button to respectively insert or delete a component. It can also replace the </Fragment>
                    <Fragment FragmentKind="important">minus</Fragment>
                    <Fragment> button with a checkbox if its </Fragment>
                    <Fragment FragmentKind="verbatim">minOccurs</Fragment>
                    <Fragment> attribute value is 0: the checkbox is unchecked  and the </Fragment>
                    <Fragment FragmentKind="important">plus</Fragment>
                    <Fragment> button is not visible if the user has not yet inserted a single item. The user can then insert a first item by checking the box. Then, if </Fragment>
                    <Fragment FragmentKind="verbatim">maxOccurs</Fragment>
                    <Fragment> is greater than one, a </Fragment>
                    <Fragment FragmentKind="important">plus</Fragment>
                    <Fragment> button also appears to insert more items. The checkbox is replaced by a </Fragment>
                    <Fragment FragmentKind="verbatim">minus</Fragment>
                    <Fragment> button as soon as the user  has inserted more than one item, if this is allowed by </Fragment>
                    <Fragment FragmentKind="verbatim">maxOccurs</Fragment>
                    <Fragment>.</Fragment>
                </Parag>
                <Parag>
                    <Fragment>The checkbox is also displayed when an </Fragment>
                    <Fragment FragmentKind="verbatim">option</Fragment>
                    <Fragment> attribute is present on an </Fragment>
                    <Fragment FragmentKind="verbatim">xt:use</Fragment>
                    <Fragment> element. In that case it is displayed as an isolated checkbox which is selected or not, depending on the existence of the component. </Fragment>
                </Parag>
                <Parag>
                    <Fragment>After some trials we finally decided to not give more feedback to help the user identify the boundaries of the components which are repeated or optional. Some subjective testing with automatically added borders were not satisfactory, mainly because they broke the document appearance. Our feeling is that in most cases the template content gives enough cues about the document internal structure. However, template authors can still create additional feedback, such as borders, using CSS and Javascript to achieve special effects on a per-template basis.</Fragment>
                </Parag>
                <Parag>
                    <Fragment>The </Fragment>
                    <Fragment FragmentKind="verbatim">xt:use</Fragment>
                    <Fragment> element with multiple component types inclusion generates a pop-up menu that presents the different type names. These names can be internationalized by the individual component type definitions with an </Fragment>
                    <Fragment FragmentKind="verbatim">i18n</Fragment>
                    <Fragment> attribute. Each time the user selects a different component type for inclusion, the currently visible component is replaced by the selected one. Actually the pop-up menu, an HTML </Fragment>
                    <Fragment FragmentKind="verbatim">&lt;select&gt;</Fragment>
                    <Fragment> element, is inserted in place of the </Fragment>
                    <Fragment FragmentKind="verbatim">xt:use</Fragment>
                    <Fragment> element, just before the included content.</Fragment>
                </Parag>
                <SubTitle>Primitive Editor Input Fields</SubTitle>
                <Parag>
                    <Fragment>The library needs also to handle text user input so that users can create XML content, and not just an XML structure. This is done through primitive component types which are implemented by primitive editors. AXEL has a plug-in mechanism for creating new primitive editors by adding Javascript classes. Currently we use two of them: a </Fragment>
                    <Fragment FragmentKind="verbatim">text</Fragment>
                    <Fragment> primitive editor, and a </Fragment>
                    <Fragment FragmentKind="verbatim">select</Fragment>
                    <Fragment> primitive editor.</Fragment>
                </Parag>
                <Parag>
                    <Fragment>The </Fragment>
                    <Fragment FragmentKind="verbatim">text</Fragment>
                    <Fragment> primitive editor manages a block of text which is displayed within a </Fragment>
                    <Fragment FragmentKind="verbatim">&lt;span&gt;</Fragment>
                    <Fragment> XHTML element when not editing, and within an </Fragment>
                    <Fragment FragmentKind="verbatim">&lt;input&gt;</Fragment>
                    <Fragment> or a </Fragment>
                    <Fragment FragmentKind="verbatim">&lt;textarea&gt;</Fragment>
                    <Fragment> element when editing. It is possible to configure several parameters with the </Fragment>
                    <Fragment FragmentKind="verbatim">params</Fragment>
                    <Fragment> attribute of the </Fragment>
                    <Fragment FragmentKind="verbatim">xt:use</Fragment>
                    <Fragment> element that inserts a primitive editor. This attribute contains key-value definitions that influence the behavior of the editor. For instance the </Fragment>
                    <Fragment FragmentKind="verbatim">layout</Fragment>
                    <Fragment> parameter can be set to </Fragment>
                    <Fragment FragmentKind="important">placed</Fragment>
                    <Fragment> so that the input field (i.e. </Fragment>
                    <Fragment FragmentKind="verbatim">&lt;input&gt;</Fragment>
                    <Fragment> or </Fragment>
                    <Fragment FragmentKind="verbatim">&lt;textarea&gt;</Fragment>
                    <Fragment>) dynamically replaces the </Fragment>
                    <Fragment FragmentKind="verbatim">&lt;span&gt;</Fragment>
                    <Fragment>, or to </Fragment>
                    <Fragment FragmentKind="important">float</Fragment>
                    <Fragment> so that it is displayed over, with an initial equivalent shape. In all cases, these input fields grow as the user is typing, which gives a user experience similar to editing a WYSIWIG document such as in Word or Google Docs, and very different from editing a form, such as with XForms. Moreover, it is possible to configure them so that the input field inherits the typography from the document template, or to use </Fragment>
                    <Fragment FragmentKind="verbatim">class</Fragment>
                    <Fragment> attributes to apply CSS effects to it.</Fragment>
                </Parag>
                <Parag>
                    <Fragment>We have extended the </Fragment>
                    <Fragment FragmentKind="verbatim">text</Fragment>
                    <Fragment> primitive editor with the notion of </Fragment>
                    <Fragment FragmentKind="important">filters</Fragment>
                    <Fragment> that can be set on the editor. These filters, as the primitive editor, are implemented with Javascript classes following a specific API. Basically they can filter the target XML content to support complex XML structures which cannot be defined just with XTiger canonical constraints. They can also dynamically change the </Fragment>
                    <Fragment FragmentKind="verbatim">&lt;span&gt;</Fragment>
                    <Fragment> static text display to any other XHTML presentation for the data. For instance, this article has been edited mainly with a </Fragment>
                    <Fragment FragmentKind="verbatim">text</Fragment>
                    <Fragment> primitive editor that uses a </Fragment>
                    <Fragment FragmentKind="verbatim">wiki</Fragment>
                    <Fragment> filter for creating verbatim or emphasized text within paragraphs. This filter is shown in action on figure 7. We have also managed for some configurations to position the cursor just after the character that was clicked to bring up the editing view. This creates a nice </Fragment>
                    <Fragment FragmentKind="important">click through</Fragment>
                    <Fragment> illusion that contributes to give a WYSIWIG feeling.</Fragment>
                </Parag>
                <Figure>
                  <image Source="../../data/article/images/wiki.png"/>
                  <caption>Text primitive editor with wiki filter while viewing (1) and editing (2)</caption>
                </Figure>
                <Parag>
                    <Fragment>The </Fragment>
                    <Fragment FragmentKind="verbatim">select</Fragment>
                    <Fragment> primitive editor is rendered with a pop-up menu for directly selecting a value for an </Fragment>
                    <Fragment FragmentKind="verbatim">xt:attribute</Fragment>
                    <Fragment> element as presented previously. It appears when the user clicks the current value of the field, which is displayed within a </Fragment>
                    <Fragment FragmentKind="verbatim">&lt;span&gt;</Fragment>
                    <Fragment>, as with the </Fragment>
                    <Fragment FragmentKind="verbatim">text</Fragment>
                    <Fragment> primitive editor. Figure 8 shows the popup menu after the user has clicked on the top </Fragment>
                    <Fragment FragmentKind="important">CHF</Fragment>
                    <Fragment> currency to change it.</Fragment>
                </Parag>
                <Figure>
                  <image Source="../../data/article/images/selectcurrency.png"/>
                  <caption>Example of popup menu of the primitive editor "select"</caption>
                </Figure>
                <Parag>
                    <Fragment>Additional primitive editors will be created in the future to enhance the user experience, ranging from calendar selection controls – to pick up dates –, to file uploader editors – to insert images. This is fully supported by the XTiger XML concept of primitive component type.</Fragment>
                </Parag>
                <SubTitle>Customization of Editing Behavior</SubTitle>
                <Parag>
                    <Fragment>The authors of template have the freedom to customize the editing user experience through CSS and Javascript programming. For this purpose, AXEL offers predefined CSS classes which are added to the generated user interface controls. For instance, we have experimented a very useful feature that consists in hiding all the structure editing controls by adding a </Fragment>
                    <Fragment FragmentKind="important">preview</Fragment>
                    <Fragment> class attribute to the </Fragment>
                    <Fragment FragmentKind="verbatim">&lt;body&gt;</Fragment>
                    <Fragment> element of a template and some CSS rules. This gives an overview of the document, as in figure 9. </Fragment>
                </Parag>
                <Parag>
                    <Fragment>The document of figure 9 is still editable as all the primitive editors are functional, however the user cannot change the structure (adding or removing components in repetitions and changing the selected component of a </Fragment>
                    <Fragment FragmentKind="verbatim">xt:use</Fragment>
                    <Fragment> choice). This can be useful to make light corrections (spell-checking, typos) to a document or to translate it. This opens up future possibilities to generate different user interfaces for different tasks.</Fragment>
                </Parag>
                <Figure>
                  <image Source="../../data/article/images/cartesans.png"/>
                  <caption>Menu document with all structure editing controls hidden but still editable</caption>
                </Figure>
            </a_section>
            <a_section>
                <heading>Server Integration</heading>
                <Parag>
                    <Fragment>AXEL is designed to serve as the XML authoring layer for REST applications. It is fully implemented in Javascript; hence it can be executed in any browser providing reasonable support for the DOM model. This section outlines the main features of the library for that purpose. </Fragment>
                </Parag>
                <SubTitle>Client-side Library</SubTitle>
                <Parag>
                    <Fragment>AXEL is a client-side Javascript library that takes as input an XHTML DOM tree containing the template. It transforms it into an XHTML tree containing the editing user interface and some Javascript objects for controlling editing. A programmer creates an editor by first instantiating an </Fragment>
                    <Fragment FragmentKind="verbatim">xtiger.util.Form</Fragment>
                    <Fragment> object. The constructor parameter is a location path to a folder that contains the four images used by the editing user interface. Then s/he can set the template to transform with a call to </Fragment>
                    <Fragment FragmentKind="verbatim">setTemplateSource</Fragment>
                    <Fragment> before calling the </Fragment>
                    <Fragment FragmentKind="verbatim">transform</Fragment>
                    <Fragment> method to actually generated the editing user interface.</Fragment>
                </Parag>
                <Code>
                    <code>var form = new xtiger.util.Form("{path-to-images}");
    form.setTemplateSource(document);
    form.transform();
    </code>
                    <caption>Javascript code to transform a template loaded in the document object</caption>
                </Code>
                <Parag>
                    <Fragment>By default the template is transformed in place. It is also possible to indicate a target XHTML document and a node inside which the result should be placed. The document that hosts the result of the transformation must include some specific AXEL CSS rules.</Fragment>
                </Parag>
                <Parag>
                    <Fragment>This very thin API is designed to embed XML authoring in any web application. For instance a programmer can build a generic XTiger XML editor that loads an XTiger XML template into an </Fragment>
                    <Fragment FragmentKind="verbatim">iframe</Fragment>
                    <Fragment> element and transforms it to generate the editing user interface. It is even possible to directly put the code to generate the editor directly within a template file. This enables funny applications such as sending a template document by email to somebody, who can open it in his or her browser to make some editing, and then save the results to a server (this requires a little Javascript programming as explained in section 5.2).</Fragment>
                </Parag>
                <SubTitle>XML Serialization</SubTitle>
                <Parag>
                    <Fragment>The editor object has a function that serializes the current content of the document into the target XML content model. That function takes as input a logger object for accumulating the result while iterating on the document. A specific </Fragment>
                    <Fragment FragmentKind="verbatim">xtiger.util.DOMLogger</Fragment>
                    <Fragment> is available for that purpose. It provides a method to dump its content into a string which can then be sent to the server as an HTTP PUT or POST request using the Ajax XHR object, now implemented in all major browsers.</Fragment>
                </Parag>
                <Code>
                    <code>var logger = new xtiger.util.DOMLogger ();
    data = form.serializeData (logger); // form from above
    var xmlString = logger.dump(); 
    </code>
                    <caption>Javascript code to serialize the XML content of a document</caption>
                </Code>
                <Parag>
                    <Fragment>Reciprocally, the editor object provides a function that loads some XML data into a document. That function takes as input a DOM data source for iterating on the XML data while iterating on the template. A specific </Fragment>
                    <Fragment FragmentKind="verbatim">xtiger.util.DOMDataSource</Fragment>
                    <Fragment> is available for that purpose. This object accepts an XML document object as input, such as the </Fragment>
                    <Fragment FragmentKind="important">responseXML</Fragment>
                    <Fragment> object constructed by an Ajax XHR object, or it can directly parse a string into an XML document object using a </Fragment>
                    <Fragment FragmentKind="important">DOMParser</Fragment>
                    <Fragment> object (or a simulated version if it is not available). This makes it quite easy to retrieve the XML data from a server side application and to inject it into the document. For experimental purposes we have also built a DOM data source based on the E4X Javascript API to natively parse XML data. </Fragment>
                </Parag>
                <Code>
                    <code>var xhr = new XMLHttpRequest();
    ...
    var source = new xtiger.util.DOMDataSource();
    source.initFromDocument(xhr.responseXML);
    form.loadData(source, result); // form from above
    </code>
                    <caption>Javascript code to load XML content from an Ajax XHR object into a document</caption>
                </Code>
                <Parag>
                    <Fragment>We currently have successfully integrated the library with WebDAV servers, with Orbeon Forms applications, and even with a Ruby on Rails application.</Fragment>
                </Parag>
                <SubTitle>Experiments and Performances</SubTitle>
                <Parag>
                    <Fragment>The Javascript library has been developed and tested with Firefox (version 3 and above). Thanks to this client-side approach combined with the use of standard web technologies, we provide a platform-independent solution. It runs on recent versions of all major browsers although we did not do extensive testing on all platforms yet. The Javascript library compressed with the Yahoo UI compressor is less than 96 kB, including the basic editor plug-ins that were required to write this article.</Fragment>
                </Parag>
                <Parag>
                    <Fragment>We have experienced this  Javascript library with several document templates in order to evaluate this solution in terms of performance and usability. The tested templates range from simple form-based structures, such as the menu example given previously, to more complex templates, like the template used for writing this paper. The table below lists some properties and some results obtained with different use cases of templates. Time results of these tests have been obtained on a MacBook Pro with 2.16 Ghz Intel Core Duo with 2GB memory running Firefox 3.5.3 (a 3 years+ computer).</Fragment>
                </Parag>
                <Figure>
                  <image Source="../../data/article/images/perfs.png"/>
                  <caption>Loading XML documents into a template and editing with AXEL</caption>
                </Figure>
                <Parag>
                    <Fragment>We can notice that the download time is not noticeable for normal size XML documents. Download time depends on the complexity of the template  characterized by its total number of node (</Fragment>
                    <Fragment FragmentKind="important">#nodes</Fragment>
                    <Fragment>) and the number of nested components (</Fragment>
                    <Fragment FragmentKind="important">tree depth</Fragment>
                    <Fragment>), but we haven't precisely characterized the relation yet. This is left as a future work in order to give guidelines to template authors. XML download time is linear with the XML document size and, for instance, it took up to 36 seconds for a 500 kB XML document on this 3 years+ hardware configuration, which can be considered very long. However, the document was 190 printed pages in the browser and it was by itself an excellent surprise to be able to edit so long documents within the browser. This template also uses a specific plugin editor to edit logical expressions that take time to convert when loading and saving. The times given in the table do not take into account the preliminary download time of the template and the transformation time to turn the template into an editor, which are not noticeable in all the cases. The files were directly loaded from the local drive. We could also have presented the results with Safari which are even better.</Fragment>
                </Parag>
                <Parag>
                    <Fragment>We do not show a similar table for the time taken to generate XML content from the edited document because it is usually not noticeable, about 5 seconds in the worst case from the examples in the table above.</Fragment>
                </Parag>
                <Parag>
                    <Fragment>In all cases we noticed pretty good response time in the browser, between a click and the display of the input field. Usually not noticeable, it stays below half a second even with 500kB+ XML documents. These results obviously come from our client-side editing code, where only load and save operations pay for communication time. Thanks to recent web technologies, modern web browsers can become valuable XML document editors with the addition of a very tiny amount of code.</Fragment>
                </Parag>
                <Parag>
                    <Fragment>The various templates we have tested aim at evaluating both the expressive power of the XTiger XML template language and the quality of the authoring interface. The original XTiger language implemented in the Amaya stand-alone application has demonstrated its ability to define templates for editing a wide range of web documents [Quint07], and due to its filiation with that language, XTiger XML inherits this feature. But with XTiger XML we gain in usability for simple applications, while keeping the expressive power for complex XML structures. Indeed, menu and curriculum vitae documents, for instance, can be straightforwardly edited by XML unaware people (for instance, a restaurant chef). For such "minimal" templates (few element types and little structural depth), the interface can be considered as minimal and allows users to focus on what they have to do (Hick's law [Hick52]). Moreover, editing controls (menus for choices, add/suppression buttons for repetitions, text editing areas) are always contextually located and therefore mouse movements are kept minimal (Fitts's law [Fitts54]). We can notice that this simplicity at the authoring step does not prevent rich server-side services to be provided, such as databases feeding or high quality publication. </Fragment>
                </Parag>
            </a_section>
            <a_section>
                <heading>Related Works</heading>
                <Parag>
                    <Fragment>By design, XTiger XML is an extension of the original XTiger template language. We tried to keep both languages as close as possible to each other, and indeed XTiger XML adds only a few elements and attributes. The main difference lies in the editors that are based on the languages. The original XTiger template language has been implemented in the Amaya web editor, and as far as we know, it is available only in this editor. For XTiger XML, a very different approach was taken. It is implemented as a Javascript library, and then, it can run in any modern web browser.</Fragment>
                </Parag>
                <Parag>
                    <Fragment>As stated above, XTiger XML can be used as a form editing framework. It could even be possible to create plug-in modules to handle all the usual form interactors (drop lists, radio button, etc.), but the current syntax is not powerful enough to express non-structural constraints on the editable data model. However, this is not our main objective. Our priority is to develop further the library for editing document-oriented data and for managing collaborative editing constraints in the future.</Fragment>
                </Parag>
                <Parag>
                    <Fragment>The approach presented in this paper is different from wiki-based authoring environments, which are common on the web, such as MediaWiki in use by Wikipedia. First, it does not require the user to learn a specific syntax. Second, it is not limited to creating HTML content models. To some extent, semantic extensions of wikis such as Semantic MediaWiki make it possible to create annotated documents that contain structured information, but the requirement to learn a domain specific syntax still holds true. To cope with this issue, several template-based wikis have been proposed with more or less freedom for the author: the wiki template can be used simply as a seed document, without any control on the further authoring process, or it can on the contrary act as a very strict editing framework, preventing the author from deriving from the expected structure unless he modifies the template [Haake05].</Fragment>
                </Parag>
                <Parag>
                    <Fragment>An in-between approach is proposed in [Di Iorio08] where a post-hoc validation mechanism can be applied on instances. While this can be satisfying for simple web pages, it becomes boring for the author when structures are more complex. Again, users have to choose between expressiveness and usability [Di Iorio06]. We claim that both can be provided thanks to the use of a rich template language and new editing paradigms such as those described in this paper. It can be noticed that a similar approach was recently proposed in [Di Iorio09] for the authoring of semantic annotations in MediaWiki, where editing controls are generated from ontologies.</Fragment>
                </Parag>
                <Parag>
                    <Fragment>XTiger XML with AXEL is very close in its objectives to generic XML authoring applications, especially those that use style sheets or XSLT transformations to associate a visual presentation with an XML content model defined by a schema. Such applications generate a WYSIWYG editor based on this visual presentation and driven by the schema. For a long time these tools were available only as desktop applications, such as XMLSpy or Oxygen. But with the success of web applications, browser-based WYSIWYG XML editors are appearing now, such as XOpus.</Fragment>
                </Parag>
                <List>
                    <ListHeader>However, there are still two important differences:</ListHeader>
                    <ListItem>
                        <Fragment>WYSIWYG XML editors, even when they run in the browser, require at least an XML schema and some XSLT transformations. This implies that they are used only for documents and data for which such resources exist, or that new schemas and transformations must be created for new types of documents and data. We believe that the use of document templates instead of schemas and transformations languages makes XTiger XML easier to learn and to manipulate.</Fragment>
                    </ListItem>
                    <ListItem>
                        <Fragment>XTiger XML and AXEL work on the web. They use the browser not only as the local platform for running the editor, but also as a web client that can download and upload documents on remote web servers. This allows everyone on the web to edit XML data and documents and to feed servers with well structured data. This also provides a global infrastructure for sharing and collaborating on XML contents.</Fragment>
                    </ListItem>
                </List>
            </a_section>
            <a_section>
                <heading>Future Works</heading>
                <Parag>
                    <Fragment>XTiger XML and AXEL are still under development, firstly to extend authoring services with new primitive editors. We have also identified some issues that will be addressed shortly.</Fragment>
                </Parag>
                <SubTitle>Validation</SubTitle>
                <Parag>
                    <Fragment>In its current state, AXEL can be compared to XML tools based on XSLT, regarding validation: there is no formal way to make sure that the XML data generated by the tool are valid against a given schema, except by validating every instance. But there are solutions to this issue. XTiger can be seen as a regular tree grammar, and then an XTiger XML template can be compiled into a schema language (DTD, XML Schema, Relax-NG). But instead of producing schema language syntax equivalent to a template, our plan is to compile XTiger into the logical representation introduced in [Genevès07]. We can then use the validation services offered by the XML Resolving Solver [Genevès10], which is based on this logical representation. The Solver can statically check properties of XTiger XML templates, in the same way it checks properties of schemas.</Fragment>
                </Parag>
                <Parag>
                    <Fragment>A property that the Solver could statically check is whether a template always generates XML instances that are valid against a given schema. This may ensure for instance that the data entered with a template can be safely stored in an XML data base defined by its XML Schema.</Fragment>
                </Parag>
                <SubTitle>Data Delivery</SubTitle>
                <Parag>
                    <Fragment>A second issue concerns data delivery on the web. Producing pure static XHTML read-only format remains of importance. This is required to enhance the probability to be indexed by major search engines. Explicitly including micro-formatted elements is another concern; for example, applications aiming at aggregating information (such as the Kritx review aggregator) rely on the availability of such information in XHTML documents. Those requirements are not met if documents are published only through a client-side Javascript transformation process. </Fragment>
                </Parag>
                <Parag>
                    <Fragment>We have manually transformed several document templates into an XSLT transformation that takes an XML content conform to the implicit document model as input, and generates an XHTML document that looks like the document generated from the document template for editing. We are confident that this process can itself be programmed as an XSLT transformation taking as input a XTiger XML template and generating the target XSLT transformation. Doing this will allow us to provide a full XML editorial chain within the browser.</Fragment>
                </Parag>
                <SubTitle>Template Editing</SubTitle>
                <Parag>
                    <Fragment>The templates we have used up to now were created by various means. The simplest templates were written totally "by hand". In some cases we have used an XHTML editor (especially Amaya), for creating a skeleton document, that was then edited as a text file for adding the XTiger XML elements. Some other templates were almost entirely created with Amaya, which includes a feature for editing the original XTiger language. But, as stated earlier, there are differences between the XTiger language implemented in Amaya and the XTiger XML language. This implies that templates produced by Amaya have to be tweaked "by hand" when used by AXEL for editing XML documents. An obvious work item for the future is to adapt Amaya and implement all the extra XTiger features included in XTiger XML.</Fragment>
                </Parag>
                <Parag>
                    <Fragment>In addition to these means, we think that it would be interesting to also have a template authoring application running in the browser, to make that feature more widely available, without the need for installing a dedicated application. Such a tool could start from an initial XHTML document and allow the user to insert XTiger XML elements, in the same way as in Amaya. It would also be interesting to go a step further, when an XML Schema (or Relax-NG) is available for the target XML language. This schema could then be used to drive the interaction with the user in order to create a template consistent with this schema.</Fragment>
                </Parag>
            </a_section>
            <a_section>
                <heading>Conclusion</heading>
                <Parag>
                    <Fragment>The XTiger XML language and its implementation in the AXEL library make it easy to create and update XML data and documents on the web. The language is very simple: it contains only a handful of elements and a few attributes. This allows anyone familiar with HTML to create templates. The editing engine provides a simple and intuitive user interface, which allows any web user to create and edit XML data.</Fragment>
                </Parag>
                <Parag>
                    <Fragment>Being implemented as a light Javascript library that runs in a web browser, the editor can be deployed very efficiently and it lets users free to work with their preferred tool. Because templates are based on XHTML, they allow XML data to be involved in any web application and to be collected by average web users. Building on the ubiquitous web infrastructure, this approach helps to put XML within reach of everyone.</Fragment>
                </Parag>
            </a_section>
            <a_section>
                <heading>Acknowledgements</heading>
                <Parag>
                    <Fragment>Early work on this project has been initiated in the framework of the PALETTE Integrated Project supported by the IST programme of the European Commission (DG Information Society and Media, no. 028038). We especially thank Thibaud Latour from CRP Henri Tudor, our partner in Luxembourg, for his active support. Further development of the XTiger XML language is currently supported by the Innovation Promotion Agency of Switzerland under the grant No 10813.1 PFES-ES, a project in collaboration with the MadeinLocal company (</Fragment>
                    <Link>
                        <LinkText>www.madeinlocal.com</LinkText>
                        <LinkRef>http://www.madeinlocal.com</LinkRef>
                    </Link>
                    <Fragment>).</Fragment>
                </Parag>
            </a_section>
        </sections>
    <references>
        <reference>
            <refreport>
                <key>Amaya</key>
                <authors>
                    <author>
                        <name>Amaya</name>
                    </author>
                </authors>
                <title>Home page</title>
                <url>
                    <url>http://www.w3.org/Amaya/</url>
                </url>
            </refreport>
        </reference>
        <reference>
            <refarticle>
                <key>Fitts54</key>
                <authors>
                    <author>
                        <name>P. M. Fitts</name>
                    </author>
                </authors>
                <title>The information capacity of the human motor system in controlling the amplitude of movement</title>
                <conf>Journal of Experimental Psychology, Vol 47 pp. 381-391, 1954</conf>
            </refarticle>
        </reference>
        <reference>
            <refarticle>
                <key>Hick52</key>
                <authors>
                    <author>
                        <name>W. E. Hick</name>
                    </author>
                </authors>
                <title>On the rate of gain of information</title>
                <conf>Quarterly Journal of Experimental Psychology, Vol 4 pp. 11-26, 1952</conf>
            </refarticle>
        </reference>
        <reference>
            <refarticle>
                <key>Di Iorio08</key>
                <authors>
                    <author>
                        <name>A. Di Iorio</name>
                    </author>
                    <author>
                        <name>F. Vitali</name>
                    </author>
                </authors>
                <title>Wiki content templating</title>
                <conf>WWW 2008, Beijing, China, pp. 615-624, ACM Press, 2008</conf>
            </refarticle>
        </reference>
        <reference>
            <refarticle>
                <key>Di Iorio06</key>
                <authors>
                    <author>
                        <name>A. Di Iorio</name>
                    </author>
                    <author>
                        <name>S. Zacchiroli</name>
                    </author>
                </authors>
                <title>Constrained wiki: an oxymoron?</title>
                <conf>WikiSym ’06: Proceedings of the 2006 international symposium on Wikis, pp. 89–98, ACM Press, 2006</conf>
            </refarticle>
        </reference>
        <reference>
            <refarticle>
                <key>Di Iorio09</key>
                <authors>
                    <author>
                        <name>A. Di Iorio</name>
                    </author>
                    <author>
                        <name>S. Duca</name>
                    </author>
                    <author>
                        <name>S. Righini</name>
                    </author>
                    <author>
                        <name>D. Rossi</name>
                    </author>
                    <author>
                        <name>F. Vitali</name>
                    </author>
                </authors>
                <title>Customized Edit Interfaces for Wikis via Semantic Annotations</title>
                <conf>Workshop on Adaptation and Personalization for Web 2.0, UMAP'09, June 22-26, 2009</conf>
            </refarticle>
        </reference>
        <reference>
            <refarticle>
                <key>Flores06</key>
                <authors>
                    <author>
                        <name>F. Flores</name>
                    </author>
                    <author>
                        <name>V. Quint</name>
                    </author>
                    <author>
                        <name>I. Vatton</name>
                    </author>
                </authors>
                <title>Templates, Microformats and Structured Editing</title>
                <conf>Proceedings of the 2006 ACM Symposium on Document Engineering, DocEng 2006, pp. 188-197, ACM Press, October 2006</conf>
            </refarticle>
        </reference>
        <reference>
            <refarticle>
                <key>Genevès07</key>
                <authors>
                    <author>
                        <name>P. Genevès</name>
                    </author>
                    <author>
                        <name>N. Layaïda</name>
                    </author>
                    <author>
                        <name>A. Schmitt</name>
                    </author>
                </authors>
                <title>Efficient static analysis of XML paths and types</title>
                <conf>PLDI’07: Proceedings of the 2007 ACM SIGPLAN Conference on Programming Language Design and Implementation, pp. 342–351, ACM Press, 2007</conf>
            </refarticle>
        </reference>
        <reference>
            <refarticle>
                <key>Genevès10</key>
                <authors>
                    <author>
                        <name>P. Genevès</name>
                    </author>
                    <author>
                        <name>N. Layaïda</name>
                    </author>
                </authors>
                <title>XML Reasoning Made Practical</title>
                <conf>Proceedings of the 26th IEEE International Conference on Data Engineering, ICDE 2010, IEEE, March 2010. http://wam.inrialpes.fr/publications/2010/ICDE10demo.pdf</conf>
            </refarticle>
        </reference>
        <reference>
            <refarticle>
                <key>Haake05</key>
                <authors>
                    <author>
                        <name>A. Haake</name>
                    </author>
                    <author>
                        <name>S. Lukosch</name>
                    </author>
                    <author>
                        <name>T. Schummer</name>
                    </author>
                </authors>
                <title>Wiki-templates, adding structure support to wikis on demand</title>
                <conf>WikiSym’ 05, San Diego, USA, pp. 41 – 51, ACM Press, 2005</conf>
            </refarticle>
        </reference>
        <reference>
            <refreport>
                <key>Kia</key>
                <authors>
                    <author>
                        <name>É. Kia</name>
                    </author>
                    <author>
                        <name>V. Quint</name>
                    </author>
                    <author>
                        <name>I. Vatton</name>
                    </author>
                </authors>
                <title>XTiger Language Specification</title>
                <url>
                    <url>http://www.w3.org/Amaya/Templates/XTiger-spec.html</url>
                </url>
            </refreport>
        </reference>
        <reference>
            <refarticle>
                <key>Nálevka09</key>
                <authors>
                    <author>
                        <name>P. Nálevka</name>
                    </author>
                </authors>
                <title>Advanced Automated Authoring with XML</title>
                <conf>XML Prague 2009</conf>
            </refarticle>
        </reference>
        <reference>
            <refarticle>
                <key>Quint07</key>
                <authors>
                    <author>
                        <name>V. Quint</name>
                    </author>
                    <author>
                        <name>I. Vatton</name>
                    </author>
                </authors>
                <title>Structured Templates for Authoring Semantically Rich Documents</title>
                <conf>Proceedings of the 2007 international workshop on Semantically aware document processing and indexing, ACM International Conference Proceeding Series; Vol. 259, pp. 41-48, ACM, 2007</conf>
            </refarticle>
        </reference>
        <reference>
            <refreport>
                <key>Sire</key>
                <authors>
                    <author>
                        <name>S. Sire</name>
                    </author>
                </authors>
                <title>XTiger XML Language Specification</title>
                <url>
                    <url>http://ssire.github.com/xtiger-xml-spec/</url>
                </url>
            </refreport>
        </reference>
    </references>
</Article>